3,Vassily,O'Sullivan,vosullivan2@1und1.de,Bigender,Peso
6,Eolanda,Ledeker,eledeker5@youtube.com,Agender,Peso
7,Lorenza,Tesh,ltesh6@discuz.net,Bigender,Peso
31,Sarena,Imeson,simesonu@latimes.com,Polygender,Peso
60,Ilsa,Morffew,imorffew1n@cam.ac.uk,Agender,Peso
64,Anderea,Awcock,aawcock1r@edublogs.org,Male,Peso
69,Tybie,Passey,tpassey1w@nydailynews.com,Genderfluid,Peso
70,Annie,Campkin,acampkin1x@hao123.com,Non-binary,Peso
75,Consuela,Trevaskiss,ctrevaskiss22@topsy.com,Agender,Peso
76,Lewes,Meade,lmeade23@addthis.com,Bigender,Peso
88,Mano,Wellman,mwellman2f@eepurl.com,Female,Peso
101,Rodolph,Josskovitz,rjosskovitz2s@google.co.jp,Agender,Peso
104,Birk,Brehaut,bbrehaut2v@newyorker.com,Agender,Peso
106,Christin,Gaucher,cgaucher2x@alibaba.com,Genderqueer,Peso
127,Briano,O'Grady,bogrady3i@g.co,Genderqueer,Peso
145,Welbie,Jenks,wjenks40@apache.org,Non-binary,Peso
146,Michail,Weldon,mweldon41@narod.ru,Non-binary,Peso
149,Carly,Gotter,cgotter44@wikipedia.org,Bigender,Peso
160,Felipe,Hallsworth,fhallsworth4f@ocn.ne.jp,Bigender,Peso
165,Morlee,Genney,mgenney4k@shareasale.com,Genderfluid,Peso
176,Charmaine,D'Errico,cderrico4v@google.fr,Bigender,Peso
200,Maisie,MacKellar,mmackellar5j@sciencedaily.com,Non-binary,Peso
207,Latia,Riccione,lriccione5q@sohu.com,Non-binary,Peso
215,Jill,Fagence,jfagence5y@chronoengine.com,Male,Peso
220,Cleve,Dannett,cdannett63@printfriendly.com,Genderfluid,Peso
232,Lauren,Verry,lverry6f@surveymonkey.com,Bigender,Peso
235,Freda,Blune,fblune6i@technorati.com,Bigender,Peso
241,Sheba,Selbach,sselbach6o@macromedia.com,Genderqueer,Peso
247,Tommi,Thominga,tthominga6u@reverbnation.com,Agender,Peso
268,Enoch,Cushion,ecushion7f@va.gov,Non-binary,Peso
289,Hoyt,Pibworth,hpibworth80@kickstarter.com,Genderqueer,Peso
323,Colly,Bellin,cbellin8y@furl.net,Non-binary,Peso
354,Niki,Pheasant,npheasant9t@ca.gov,Genderqueer,Peso
360,Cecily,Noon,cnoon9z@biblegateway.com,Bigender,Peso
371,Schuyler,Hazlehurst,shazlehurstaa@live.com,Bigender,Peso
376,Ashlen,Muir,amuiraf@stanford.edu,Bigender,Peso
378,Brianne,Cakes,bcakesah@wikimedia.org,Bigender,Peso
413,Zack,Dael,zdaelbg@cornell.edu,Agender,Peso
414,Aldin,Hembry,ahembrybh@noaa.gov,Genderqueer,Peso
452,Rivi,Faich,rfaichcj@state.tx.us,Female,Peso
461,Gwenni,Semon,gsemoncs@bloglines.com,Genderfluid,Peso
464,Daffy,Etter,dettercv@umn.edu,Agender,Peso
473,Cherianne,Cadogan,ccadogand4@eepurl.com,Polygender,Peso
474,Whit,Geeson,wgeesond5@goodreads.com,Genderfluid,Peso
476,Leshia,Dubble,ldubbled7@sakura.ne.jp,Non-binary,Peso
477,Natalie,Shmyr,nshmyrd8@dmoz.org,Genderqueer,Peso
480,Lucilia,Elflain,lelflaindb@amazon.co.jp,Agender,Peso
481,Wiatt,Kayne,wkaynedc@apache.org,Female,Peso
511,Bevon,Causton,bcaustone6@xrea.com,Male,Peso
523,Jayne,Purkis,jpurkisei@wired.com,Polygender,Peso
525,Domenico,Trippitt,dtrippittek@mac.com,Non-binary,Peso
535,Kevan,Ifill,kifilleu@psu.edu,Genderqueer,Peso
545,Brittany,Link,blinkf4@nih.gov,Non-binary,Peso
581,Jedediah,Stilgoe,jstilgoeg4@usa.gov,Male,Peso
583,Dorisa,Staggs,dstaggsg6@sun.com,Agender,Peso
598,Raquel,Mixer,rmixergl@reverbnation.com,Genderqueer,Peso
604,Godfree,Ruskin,gruskingr@go.com,Non-binary,Peso
611,Sim,Deakes,sdeakesgy@foxnews.com,Polygender,Peso
626,Rich,Mourant,rmouranthd@furl.net,Non-binary,Peso
640,Aidan,Quartly,aquartlyhr@networksolutions.com,Genderfluid,Peso
650,Perry,Coupman,pcoupmani1@bloomberg.com,Female,Peso
668,Rhetta,Malenoir,rmalenoirij@xing.com,Male,Peso
669,Drusy,Proswell,dproswellik@adobe.com,Bigender,Peso
691,Maggy,Pochon,mpochonj6@issuu.com,Agender,Peso
692,Pepita,Oswick,poswickj7@independent.co.uk,Male,Peso
711,Hailee,Smewings,hsmewingsjq@dailymotion.com,Non-binary,Peso
728,Dolph,Kluger,dklugerk7@tuttocitta.it,Bigender,Peso
745,Granville,Swatradge,gswatradgeko@hp.com,Agender,Peso
746,Rice,Grancher,rgrancherkp@livejournal.com,Agender,Peso
774,Marne,Chinnery,mchinnerylh@hugedomains.com,Polygender,Peso
786,Gibb,Dawid,gdawidlt@house.gov,Genderfluid,Peso
801,Dasha,Veall,dveallm8@ifeng.com,Agender,Peso
810,Terri-jo,Goshawk,tgoshawkmh@instagram.com,Genderqueer,Peso
812,Cher,Thirwell,cthirwellmj@nationalgeographic.com,Genderqueer,Peso
819,Rennie,Kienl,rkienlmq@prlog.org,Agender,Peso
831,Jourdain,Domleo,jdomleon2@latimes.com,Genderfluid,Peso
834,Gardie,Robardley,grobardleyn5@yellowbook.com,Bigender,Peso
835,Niko,Judd,njuddn6@mozilla.org,Male,Peso
836,Clair,McConnell,cmcconnelln7@apache.org,Non-binary,Peso
838,Rossy,Catenot,rcatenotn9@netscape.com,Bigender,Peso
844,Hamnet,Mellsop,hmellsopnf@tripadvisor.com,Non-binary,Peso
861,Adams,Wildin,awildinnw@state.gov,Bigender,Peso
863,Luisa,Francescozzi,lfrancescozziny@wix.com,Male,Peso
877,Britt,Fruish,bfruishoc@goo.ne.jp,Non-binary,Peso
878,Heath,Fache,hfacheod@spotify.com,Agender,Peso
882,Jayme,Cleator,jcleatoroh@usnews.com,Male,Peso
886,Joseph,Sutter,jsutterol@loc.gov,Non-binary,Peso
896,Maurita,Piwell,mpiwellov@google.nl,Polygender,Peso
901,Grove,Kleinberer,gkleinbererp0@dropbox.com,Female,Peso
902,Etti,Burnyeat,eburnyeatp1@twitter.com,Agender,Peso
912,Goran,Gantley,ggantleypb@icio.us,Agender,Peso
918,Carley,Fancutt,cfancuttph@digg.com,Agender,Peso
924,Chip,Becaris,cbecarispn@statcounter.com,Non-binary,Peso
932,Ulla,Acedo,uacedopv@blog.com,Agender,Peso
940,Dmitri,Jefferson,djeffersonq3@fotki.com,Genderqueer,Peso
949,Zarah,Weepers,zweepersqc@purevolume.com,Polygender,Peso
958,Taddeusz,Harrington,tharringtonql@godaddy.com,Bigender,Peso
973,Pooh,Blune,pbluner0@illinois.edu,Genderqueer,Peso
978,Jonas,Luparto,jlupartor5@dailymotion.com,Genderqueer,Peso
3,Vassily,O'Sullivan,vosullivan2@1und1.de,Bigender,Peso
6,Eolanda,Ledeker,eledeker5@youtube.com,Agender,Peso
7,Lorenza,Tesh,ltesh6@discuz.net,Bigender,Peso
31,Sarena,Imeson,simesonu@latimes.com,Polygender,Peso
60,Ilsa,Morffew,imorffew1n@cam.ac.uk,Agender,Peso
64,Anderea,Awcock,aawcock1r@edublogs.org,Male,Peso
69,Tybie,Passey,tpassey1w@nydailynews.com,Genderfluid,Peso
70,Annie,Campkin,acampkin1x@hao123.com,Non-binary,Peso
75,Consuela,Trevaskiss,ctrevaskiss22@topsy.com,Agender,Peso
76,Lewes,Meade,lmeade23@addthis.com,Bigender,Peso
88,Mano,Wellman,mwellman2f@eepurl.com,Female,Peso
101,Rodolph,Josskovitz,rjosskovitz2s@google.co.jp,Agender,Peso
104,Birk,Brehaut,bbrehaut2v@newyorker.com,Agender,Peso
106,Christin,Gaucher,cgaucher2x@alibaba.com,Genderqueer,Peso
127,Briano,O'Grady,bogrady3i@g.co,Genderqueer,Peso
145,Welbie,Jenks,wjenks40@apache.org,Non-binary,Peso
146,Michail,Weldon,mweldon41@narod.ru,Non-binary,Peso
149,Carly,Gotter,cgotter44@wikipedia.org,Bigender,Peso
160,Felipe,Hallsworth,fhallsworth4f@ocn.ne.jp,Bigender,Peso
165,Morlee,Genney,mgenney4k@shareasale.com,Genderfluid,Peso
176,Charmaine,D'Errico,cderrico4v@google.fr,Bigender,Peso
200,Maisie,MacKellar,mmackellar5j@sciencedaily.com,Non-binary,Peso
207,Latia,Riccione,lriccione5q@sohu.com,Non-binary,Peso
215,Jill,Fagence,jfagence5y@chronoengine.com,Male,Peso
220,Cleve,Dannett,cdannett63@printfriendly.com,Genderfluid,Peso
232,Lauren,Verry,lverry6f@surveymonkey.com,Bigender,Peso
235,Freda,Blune,fblune6i@technorati.com,Bigender,Peso
241,Sheba,Selbach,sselbach6o@macromedia.com,Genderqueer,Peso
247,Tommi,Thominga,tthominga6u@reverbnation.com,Agender,Peso
268,Enoch,Cushion,ecushion7f@va.gov,Non-binary,Peso
289,Hoyt,Pibworth,hpibworth80@kickstarter.com,Genderqueer,Peso
323,Colly,Bellin,cbellin8y@furl.net,Non-binary,Peso
354,Niki,Pheasant,npheasant9t@ca.gov,Genderqueer,Peso
360,Cecily,Noon,cnoon9z@biblegateway.com,Bigender,Peso
371,Schuyler,Hazlehurst,shazlehurstaa@live.com,Bigender,Peso
376,Ashlen,Muir,amuiraf@stanford.edu,Bigender,Peso
378,Brianne,Cakes,bcakesah@wikimedia.org,Bigender,Peso
413,Zack,Dael,zdaelbg@cornell.edu,Agender,Peso
414,Aldin,Hembry,ahembrybh@noaa.gov,Genderqueer,Peso
452,Rivi,Faich,rfaichcj@state.tx.us,Female,Peso
461,Gwenni,Semon,gsemoncs@bloglines.com,Genderfluid,Peso
464,Daffy,Etter,dettercv@umn.edu,Agender,Peso
473,Cherianne,Cadogan,ccadogand4@eepurl.com,Polygender,Peso
474,Whit,Geeson,wgeesond5@goodreads.com,Genderfluid,Peso
476,Leshia,Dubble,ldubbled7@sakura.ne.jp,Non-binary,Peso
477,Natalie,Shmyr,nshmyrd8@dmoz.org,Genderqueer,Peso
480,Lucilia,Elflain,lelflaindb@amazon.co.jp,Agender,Peso
481,Wiatt,Kayne,wkaynedc@apache.org,Female,Peso
511,Bevon,Causton,bcaustone6@xrea.com,Male,Peso
523,Jayne,Purkis,jpurkisei@wired.com,Polygender,Peso
525,Domenico,Trippitt,dtrippittek@mac.com,Non-binary,Peso
535,Kevan,Ifill,kifilleu@psu.edu,Genderqueer,Peso
545,Brittany,Link,blinkf4@nih.gov,Non-binary,Peso
581,Jedediah,Stilgoe,jstilgoeg4@usa.gov,Male,Peso
583,Dorisa,Staggs,dstaggsg6@sun.com,Agender,Peso
598,Raquel,Mixer,rmixergl@reverbnation.com,Genderqueer,Peso
604,Godfree,Ruskin,gruskingr@go.com,Non-binary,Peso
611,Sim,Deakes,sdeakesgy@foxnews.com,Polygender,Peso
626,Rich,Mourant,rmouranthd@furl.net,Non-binary,Peso
640,Aidan,Quartly,aquartlyhr@networksolutions.com,Genderfluid,Peso
650,Perry,Coupman,pcoupmani1@bloomberg.com,Female,Peso
668,Rhetta,Malenoir,rmalenoirij@xing.com,Male,Peso
669,Drusy,Proswell,dproswellik@adobe.com,Bigender,Peso
691,Maggy,Pochon,mpochonj6@issuu.com,Agender,Peso
692,Pepita,Oswick,poswickj7@independent.co.uk,Male,Peso
711,Hailee,Smewings,hsmewingsjq@dailymotion.com,Non-binary,Peso
728,Dolph,Kluger,dklugerk7@tuttocitta.it,Bigender,Peso
745,Granville,Swatradge,gswatradgeko@hp.com,Agender,Peso
746,Rice,Grancher,rgrancherkp@livejournal.com,Agender,Peso
774,Marne,Chinnery,mchinnerylh@hugedomains.com,Polygender,Peso
786,Gibb,Dawid,gdawidlt@house.gov,Genderfluid,Peso
801,Dasha,Veall,dveallm8@ifeng.com,Agender,Peso
810,Terri-jo,Goshawk,tgoshawkmh@instagram.com,Genderqueer,Peso
812,Cher,Thirwell,cthirwellmj@nationalgeographic.com,Genderqueer,Peso
819,Rennie,Kienl,rkienlmq@prlog.org,Agender,Peso
831,Jourdain,Domleo,jdomleon2@latimes.com,Genderfluid,Peso
834,Gardie,Robardley,grobardleyn5@yellowbook.com,Bigender,Peso
835,Niko,Judd,njuddn6@mozilla.org,Male,Peso
836,Clair,McConnell,cmcconnelln7@apache.org,Non-binary,Peso
838,Rossy,Catenot,rcatenotn9@netscape.com,Bigender,Peso
844,Hamnet,Mellsop,hmellsopnf@tripadvisor.com,Non-binary,Peso
861,Adams,Wildin,awildinnw@state.gov,Bigender,Peso
863,Luisa,Francescozzi,lfrancescozziny@wix.com,Male,Peso
877,Britt,Fruish,bfruishoc@goo.ne.jp,Non-binary,Peso
878,Heath,Fache,hfacheod@spotify.com,Agender,Peso
882,Jayme,Cleator,jcleatoroh@usnews.com,Male,Peso
886,Joseph,Sutter,jsutterol@loc.gov,Non-binary,Peso
896,Maurita,Piwell,mpiwellov@google.nl,Polygender,Peso
901,Grove,Kleinberer,gkleinbererp0@dropbox.com,Female,Peso
902,Etti,Burnyeat,eburnyeatp1@twitter.com,Agender,Peso
912,Goran,Gantley,ggantleypb@icio.us,Agender,Peso
918,Carley,Fancutt,cfancuttph@digg.com,Agender,Peso
924,Chip,Becaris,cbecarispn@statcounter.com,Non-binary,Peso
932,Ulla,Acedo,uacedopv@blog.com,Agender,Peso
940,Dmitri,Jefferson,djeffersonq3@fotki.com,Genderqueer,Peso
949,Zarah,Weepers,zweepersqc@purevolume.com,Polygender,Peso
958,Taddeusz,Harrington,tharringtonql@godaddy.com,Bigender,Peso
973,Pooh,Blune,pbluner0@illinois.edu,Genderqueer,Peso
978,Jonas,Luparto,jlupartor5@dailymotion.com,Genderqueer,Peso
3,Vassily,O'Sullivan,vosullivan2@1und1.de,Bigender,Peso
6,Eolanda,Ledeker,eledeker5@youtube.com,Agender,Peso
7,Lorenza,Tesh,ltesh6@discuz.net,Bigender,Peso
31,Sarena,Imeson,simesonu@latimes.com,Polygender,Peso
60,Ilsa,Morffew,imorffew1n@cam.ac.uk,Agender,Peso
64,Anderea,Awcock,aawcock1r@edublogs.org,Male,Peso
69,Tybie,Passey,tpassey1w@nydailynews.com,Genderfluid,Peso
70,Annie,Campkin,acampkin1x@hao123.com,Non-binary,Peso
75,Consuela,Trevaskiss,ctrevaskiss22@topsy.com,Agender,Peso
76,Lewes,Meade,lmeade23@addthis.com,Bigender,Peso
88,Mano,Wellman,mwellman2f@eepurl.com,Female,Peso
101,Rodolph,Josskovitz,rjosskovitz2s@google.co.jp,Agender,Peso
104,Birk,Brehaut,bbrehaut2v@newyorker.com,Agender,Peso
106,Christin,Gaucher,cgaucher2x@alibaba.com,Genderqueer,Peso
127,Briano,O'Grady,bogrady3i@g.co,Genderqueer,Peso
145,Welbie,Jenks,wjenks40@apache.org,Non-binary,Peso
146,Michail,Weldon,mweldon41@narod.ru,Non-binary,Peso
149,Carly,Gotter,cgotter44@wikipedia.org,Bigender,Peso
160,Felipe,Hallsworth,fhallsworth4f@ocn.ne.jp,Bigender,Peso
165,Morlee,Genney,mgenney4k@shareasale.com,Genderfluid,Peso
176,Charmaine,D'Errico,cderrico4v@google.fr,Bigender,Peso
200,Maisie,MacKellar,mmackellar5j@sciencedaily.com,Non-binary,Peso
207,Latia,Riccione,lriccione5q@sohu.com,Non-binary,Peso
215,Jill,Fagence,jfagence5y@chronoengine.com,Male,Peso
220,Cleve,Dannett,cdannett63@printfriendly.com,Genderfluid,Peso
232,Lauren,Verry,lverry6f@surveymonkey.com,Bigender,Peso
235,Freda,Blune,fblune6i@technorati.com,Bigender,Peso
241,Sheba,Selbach,sselbach6o@macromedia.com,Genderqueer,Peso
247,Tommi,Thominga,tthominga6u@reverbnation.com,Agender,Peso
268,Enoch,Cushion,ecushion7f@va.gov,Non-binary,Peso
289,Hoyt,Pibworth,hpibworth80@kickstarter.com,Genderqueer,Peso
323,Colly,Bellin,cbellin8y@furl.net,Non-binary,Peso
354,Niki,Pheasant,npheasant9t@ca.gov,Genderqueer,Peso
360,Cecily,Noon,cnoon9z@biblegateway.com,Bigender,Peso
371,Schuyler,Hazlehurst,shazlehurstaa@live.com,Bigender,Peso
376,Ashlen,Muir,amuiraf@stanford.edu,Bigender,Peso
378,Brianne,Cakes,bcakesah@wikimedia.org,Bigender,Peso
413,Zack,Dael,zdaelbg@cornell.edu,Agender,Peso
414,Aldin,Hembry,ahembrybh@noaa.gov,Genderqueer,Peso
452,Rivi,Faich,rfaichcj@state.tx.us,Female,Peso
461,Gwenni,Semon,gsemoncs@bloglines.com,Genderfluid,Peso
464,Daffy,Etter,dettercv@umn.edu,Agender,Peso
473,Cherianne,Cadogan,ccadogand4@eepurl.com,Polygender,Peso
474,Whit,Geeson,wgeesond5@goodreads.com,Genderfluid,Peso
476,Leshia,Dubble,ldubbled7@sakura.ne.jp,Non-binary,Peso
477,Natalie,Shmyr,nshmyrd8@dmoz.org,Genderqueer,Peso
480,Lucilia,Elflain,lelflaindb@amazon.co.jp,Agender,Peso
481,Wiatt,Kayne,wkaynedc@apache.org,Female,Peso
511,Bevon,Causton,bcaustone6@xrea.com,Male,Peso
523,Jayne,Purkis,jpurkisei@wired.com,Polygender,Peso
525,Domenico,Trippitt,dtrippittek@mac.com,Non-binary,Peso
535,Kevan,Ifill,kifilleu@psu.edu,Genderqueer,Peso
545,Brittany,Link,blinkf4@nih.gov,Non-binary,Peso
581,Jedediah,Stilgoe,jstilgoeg4@usa.gov,Male,Peso
583,Dorisa,Staggs,dstaggsg6@sun.com,Agender,Peso
598,Raquel,Mixer,rmixergl@reverbnation.com,Genderqueer,Peso
604,Godfree,Ruskin,gruskingr@go.com,Non-binary,Peso
611,Sim,Deakes,sdeakesgy@foxnews.com,Polygender,Peso
626,Rich,Mourant,rmouranthd@furl.net,Non-binary,Peso
640,Aidan,Quartly,aquartlyhr@networksolutions.com,Genderfluid,Peso
650,Perry,Coupman,pcoupmani1@bloomberg.com,Female,Peso
668,Rhetta,Malenoir,rmalenoirij@xing.com,Male,Peso
669,Drusy,Proswell,dproswellik@adobe.com,Bigender,Peso
691,Maggy,Pochon,mpochonj6@issuu.com,Agender,Peso
692,Pepita,Oswick,poswickj7@independent.co.uk,Male,Peso
711,Hailee,Smewings,hsmewingsjq@dailymotion.com,Non-binary,Peso
728,Dolph,Kluger,dklugerk7@tuttocitta.it,Bigender,Peso
745,Granville,Swatradge,gswatradgeko@hp.com,Agender,Peso
746,Rice,Grancher,rgrancherkp@livejournal.com,Agender,Peso
774,Marne,Chinnery,mchinnerylh@hugedomains.com,Polygender,Peso
786,Gibb,Dawid,gdawidlt@house.gov,Genderfluid,Peso
801,Dasha,Veall,dveallm8@ifeng.com,Agender,Peso
810,Terri-jo,Goshawk,tgoshawkmh@instagram.com,Genderqueer,Peso
812,Cher,Thirwell,cthirwellmj@nationalgeographic.com,Genderqueer,Peso
819,Rennie,Kienl,rkienlmq@prlog.org,Agender,Peso
831,Jourdain,Domleo,jdomleon2@latimes.com,Genderfluid,Peso
834,Gardie,Robardley,grobardleyn5@yellowbook.com,Bigender,Peso
835,Niko,Judd,njuddn6@mozilla.org,Male,Peso
836,Clair,McConnell,cmcconnelln7@apache.org,Non-binary,Peso
838,Rossy,Catenot,rcatenotn9@netscape.com,Bigender,Peso
844,Hamnet,Mellsop,hmellsopnf@tripadvisor.com,Non-binary,Peso
861,Adams,Wildin,awildinnw@state.gov,Bigender,Peso
863,Luisa,Francescozzi,lfrancescozziny@wix.com,Male,Peso
877,Britt,Fruish,bfruishoc@goo.ne.jp,Non-binary,Peso
878,Heath,Fache,hfacheod@spotify.com,Agender,Peso
882,Jayme,Cleator,jcleatoroh@usnews.com,Male,Peso
886,Joseph,Sutter,jsutterol@loc.gov,Non-binary,Peso
896,Maurita,Piwell,mpiwellov@google.nl,Polygender,Peso
901,Grove,Kleinberer,gkleinbererp0@dropbox.com,Female,Peso
902,Etti,Burnyeat,eburnyeatp1@twitter.com,Agender,Peso
912,Goran,Gantley,ggantleypb@icio.us,Agender,Peso
918,Carley,Fancutt,cfancuttph@digg.com,Agender,Peso
924,Chip,Becaris,cbecarispn@statcounter.com,Non-binary,Peso
932,Ulla,Acedo,uacedopv@blog.com,Agender,Peso
940,Dmitri,Jefferson,djeffersonq3@fotki.com,Genderqueer,Peso
949,Zarah,Weepers,zweepersqc@purevolume.com,Polygender,Peso
958,Taddeusz,Harrington,tharringtonql@godaddy.com,Bigender,Peso
973,Pooh,Blune,pbluner0@illinois.edu,Genderqueer,Peso
978,Jonas,Luparto,jlupartor5@dailymotion.com,Genderqueer,Peso
3,Vassily,O'Sullivan,vosullivan2@1und1.de,Bigender,Peso
6,Eolanda,Ledeker,eledeker5@youtube.com,Agender,Peso
7,Lorenza,Tesh,ltesh6@discuz.net,Bigender,Peso
31,Sarena,Imeson,simesonu@latimes.com,Polygender,Peso
60,Ilsa,Morffew,imorffew1n@cam.ac.uk,Agender,Peso
64,Anderea,Awcock,aawcock1r@edublogs.org,Male,Peso
69,Tybie,Passey,tpassey1w@nydailynews.com,Genderfluid,Peso
70,Annie,Campkin,acampkin1x@hao123.com,Non-binary,Peso
75,Consuela,Trevaskiss,ctrevaskiss22@topsy.com,Agender,Peso
76,Lewes,Meade,lmeade23@addthis.com,Bigender,Peso
88,Mano,Wellman,mwellman2f@eepurl.com,Female,Peso
101,Rodolph,Josskovitz,rjosskovitz2s@google.co.jp,Agender,Peso
104,Birk,Brehaut,bbrehaut2v@newyorker.com,Agender,Peso
106,Christin,Gaucher,cgaucher2x@alibaba.com,Genderqueer,Peso
127,Briano,O'Grady,bogrady3i@g.co,Genderqueer,Peso
145,Welbie,Jenks,wjenks40@apache.org,Non-binary,Peso
146,Michail,Weldon,mweldon41@narod.ru,Non-binary,Peso
149,Carly,Gotter,cgotter44@wikipedia.org,Bigender,Peso
160,Felipe,Hallsworth,fhallsworth4f@ocn.ne.jp,Bigender,Peso
165,Morlee,Genney,mgenney4k@shareasale.com,Genderfluid,Peso
176,Charmaine,D'Errico,cderrico4v@google.fr,Bigender,Peso
200,Maisie,MacKellar,mmackellar5j@sciencedaily.com,Non-binary,Peso
207,Latia,Riccione,lriccione5q@sohu.com,Non-binary,Peso
215,Jill,Fagence,jfagence5y@chronoengine.com,Male,Peso
220,Cleve,Dannett,cdannett63@printfriendly.com,Genderfluid,Peso
232,Lauren,Verry,lverry6f@surveymonkey.com,Bigender,Peso
235,Freda,Blune,fblune6i@technorati.com,Bigender,Peso
241,Sheba,Selbach,sselbach6o@macromedia.com,Genderqueer,Peso
247,Tommi,Thominga,tthominga6u@reverbnation.com,Agender,Peso
268,Enoch,Cushion,ecushion7f@va.gov,Non-binary,Peso
289,Hoyt,Pibworth,hpibworth80@kickstarter.com,Genderqueer,Peso
323,Colly,Bellin,cbellin8y@furl.net,Non-binary,Peso
354,Niki,Pheasant,npheasant9t@ca.gov,Genderqueer,Peso
360,Cecily,Noon,cnoon9z@biblegateway.com,Bigender,Peso
371,Schuyler,Hazlehurst,shazlehurstaa@live.com,Bigender,Peso
376,Ashlen,Muir,amuiraf@stanford.edu,Bigender,Peso
378,Brianne,Cakes,bcakesah@wikimedia.org,Bigender,Peso
413,Zack,Dael,zdaelbg@cornell.edu,Agender,Peso
414,Aldin,Hembry,ahembrybh@noaa.gov,Genderqueer,Peso
452,Rivi,Faich,rfaichcj@state.tx.us,Female,Peso
461,Gwenni,Semon,gsemoncs@bloglines.com,Genderfluid,Peso
464,Daffy,Etter,dettercv@umn.edu,Agender,Peso
473,Cherianne,Cadogan,ccadogand4@eepurl.com,Polygender,Peso
474,Whit,Geeson,wgeesond5@goodreads.com,Genderfluid,Peso
476,Leshia,Dubble,ldubbled7@sakura.ne.jp,Non-binary,Peso
477,Natalie,Shmyr,nshmyrd8@dmoz.org,Genderqueer,Peso
480,Lucilia,Elflain,lelflaindb@amazon.co.jp,Agender,Peso
481,Wiatt,Kayne,wkaynedc@apache.org,Female,Peso
511,Bevon,Causton,bcaustone6@xrea.com,Male,Peso
523,Jayne,Purkis,jpurkisei@wired.com,Polygender,Peso
525,Domenico,Trippitt,dtrippittek@mac.com,Non-binary,Peso
535,Kevan,Ifill,kifilleu@psu.edu,Genderqueer,Peso
545,Brittany,Link,blinkf4@nih.gov,Non-binary,Peso
581,Jedediah,Stilgoe,jstilgoeg4@usa.gov,Male,Peso
583,Dorisa,Staggs,dstaggsg6@sun.com,Agender,Peso
598,Raquel,Mixer,rmixergl@reverbnation.com,Genderqueer,Peso
604,Godfree,Ruskin,gruskingr@go.com,Non-binary,Peso
611,Sim,Deakes,sdeakesgy@foxnews.com,Polygender,Peso
626,Rich,Mourant,rmouranthd@furl.net,Non-binary,Peso
640,Aidan,Quartly,aquartlyhr@networksolutions.com,Genderfluid,Peso
650,Perry,Coupman,pcoupmani1@bloomberg.com,Female,Peso
668,Rhetta,Malenoir,rmalenoirij@xing.com,Male,Peso
669,Drusy,Proswell,dproswellik@adobe.com,Bigender,Peso
691,Maggy,Pochon,mpochonj6@issuu.com,Agender,Peso
692,Pepita,Oswick,poswickj7@independent.co.uk,Male,Peso
711,Hailee,Smewings,hsmewingsjq@dailymotion.com,Non-binary,Peso
728,Dolph,Kluger,dklugerk7@tuttocitta.it,Bigender,Peso
745,Granville,Swatradge,gswatradgeko@hp.com,Agender,Peso
746,Rice,Grancher,rgrancherkp@livejournal.com,Agender,Peso
774,Marne,Chinnery,mchinnerylh@hugedomains.com,Polygender,Peso
786,Gibb,Dawid,gdawidlt@house.gov,Genderfluid,Peso
801,Dasha,Veall,dveallm8@ifeng.com,Agender,Peso
810,Terri-jo,Goshawk,tgoshawkmh@instagram.com,Genderqueer,Peso
812,Cher,Thirwell,cthirwellmj@nationalgeographic.com,Genderqueer,Peso
819,Rennie,Kienl,rkienlmq@prlog.org,Agender,Peso
831,Jourdain,Domleo,jdomleon2@latimes.com,Genderfluid,Peso
834,Gardie,Robardley,grobardleyn5@yellowbook.com,Bigender,Peso
835,Niko,Judd,njuddn6@mozilla.org,Male,Peso
836,Clair,McConnell,cmcconnelln7@apache.org,Non-binary,Peso
838,Rossy,Catenot,rcatenotn9@netscape.com,Bigender,Peso
844,Hamnet,Mellsop,hmellsopnf@tripadvisor.com,Non-binary,Peso
861,Adams,Wildin,awildinnw@state.gov,Bigender,Peso
863,Luisa,Francescozzi,lfrancescozziny@wix.com,Male,Peso
877,Britt,Fruish,bfruishoc@goo.ne.jp,Non-binary,Peso
878,Heath,Fache,hfacheod@spotify.com,Agender,Peso
882,Jayme,Cleator,jcleatoroh@usnews.com,Male,Peso
886,Joseph,Sutter,jsutterol@loc.gov,Non-binary,Peso
896,Maurita,Piwell,mpiwellov@google.nl,Polygender,Peso
901,Grove,Kleinberer,gkleinbererp0@dropbox.com,Female,Peso
902,Etti,Burnyeat,eburnyeatp1@twitter.com,Agender,Peso
912,Goran,Gantley,ggantleypb@icio.us,Agender,Peso
918,Carley,Fancutt,cfancuttph@digg.com,Agender,Peso
924,Chip,Becaris,cbecarispn@statcounter.com,Non-binary,Peso
932,Ulla,Acedo,uacedopv@blog.com,Agender,Peso
940,Dmitri,Jefferson,djeffersonq3@fotki.com,Genderqueer,Peso
949,Zarah,Weepers,zweepersqc@purevolume.com,Polygender,Peso
958,Taddeusz,Harrington,tharringtonql@godaddy.com,Bigender,Peso
973,Pooh,Blune,pbluner0@illinois.edu,Genderqueer,Peso
978,Jonas,Luparto,jlupartor5@dailymotion.com,Genderqueer,Peso
3,Vassily,O'Sullivan,vosullivan2@1und1.de,Bigender,Peso
6,Eolanda,Ledeker,eledeker5@youtube.com,Agender,Peso
7,Lorenza,Tesh,ltesh6@discuz.net,Bigender,Peso
31,Sarena,Imeson,simesonu@latimes.com,Polygender,Peso
60,Ilsa,Morffew,imorffew1n@cam.ac.uk,Agender,Peso
64,Anderea,Awcock,aawcock1r@edublogs.org,Male,Peso
69,Tybie,Passey,tpassey1w@nydailynews.com,Genderfluid,Peso
70,Annie,Campkin,acampkin1x@hao123.com,Non-binary,Peso
75,Consuela,Trevaskiss,ctrevaskiss22@topsy.com,Agender,Peso
76,Lewes,Meade,lmeade23@addthis.com,Bigender,Peso
88,Mano,Wellman,mwellman2f@eepurl.com,Female,Peso
101,Rodolph,Josskovitz,rjosskovitz2s@google.co.jp,Agender,Peso
104,Birk,Brehaut,bbrehaut2v@newyorker.com,Agender,Peso
106,Christin,Gaucher,cgaucher2x@alibaba.com,Genderqueer,Peso
127,Briano,O'Grady,bogrady3i@g.co,Genderqueer,Peso
145,Welbie,Jenks,wjenks40@apache.org,Non-binary,Peso
146,Michail,Weldon,mweldon41@narod.ru,Non-binary,Peso
149,Carly,Gotter,cgotter44@wikipedia.org,Bigender,Peso
160,Felipe,Hallsworth,fhallsworth4f@ocn.ne.jp,Bigender,Peso
165,Morlee,Genney,mgenney4k@shareasale.com,Genderfluid,Peso
176,Charmaine,D'Errico,cderrico4v@google.fr,Bigender,Peso
200,Maisie,MacKellar,mmackellar5j@sciencedaily.com,Non-binary,Peso
207,Latia,Riccione,lriccione5q@sohu.com,Non-binary,Peso
215,Jill,Fagence,jfagence5y@chronoengine.com,Male,Peso
220,Cleve,Dannett,cdannett63@printfriendly.com,Genderfluid,Peso
232,Lauren,Verry,lverry6f@surveymonkey.com,Bigender,Peso
235,Freda,Blune,fblune6i@technorati.com,Bigender,Peso
241,Sheba,Selbach,sselbach6o@macromedia.com,Genderqueer,Peso
247,Tommi,Thominga,tthominga6u@reverbnation.com,Agender,Peso
268,Enoch,Cushion,ecushion7f@va.gov,Non-binary,Peso
289,Hoyt,Pibworth,hpibworth80@kickstarter.com,Genderqueer,Peso
323,Colly,Bellin,cbellin8y@furl.net,Non-binary,Peso
354,Niki,Pheasant,npheasant9t@ca.gov,Genderqueer,Peso
360,Cecily,Noon,cnoon9z@biblegateway.com,Bigender,Peso
371,Schuyler,Hazlehurst,shazlehurstaa@live.com,Bigender,Peso
376,Ashlen,Muir,amuiraf@stanford.edu,Bigender,Peso
378,Brianne,Cakes,bcakesah@wikimedia.org,Bigender,Peso
413,Zack,Dael,zdaelbg@cornell.edu,Agender,Peso
414,Aldin,Hembry,ahembrybh@noaa.gov,Genderqueer,Peso
452,Rivi,Faich,rfaichcj@state.tx.us,Female,Peso
461,Gwenni,Semon,gsemoncs@bloglines.com,Genderfluid,Peso
464,Daffy,Etter,dettercv@umn.edu,Agender,Peso
473,Cherianne,Cadogan,ccadogand4@eepurl.com,Polygender,Peso
474,Whit,Geeson,wgeesond5@goodreads.com,Genderfluid,Peso
476,Leshia,Dubble,ldubbled7@sakura.ne.jp,Non-binary,Peso
477,Natalie,Shmyr,nshmyrd8@dmoz.org,Genderqueer,Peso
480,Lucilia,Elflain,lelflaindb@amazon.co.jp,Agender,Peso
481,Wiatt,Kayne,wkaynedc@apache.org,Female,Peso
511,Bevon,Causton,bcaustone6@xrea.com,Male,Peso
523,Jayne,Purkis,jpurkisei@wired.com,Polygender,Peso
525,Domenico,Trippitt,dtrippittek@mac.com,Non-binary,Peso
535,Kevan,Ifill,kifilleu@psu.edu,Genderqueer,Peso
545,Brittany,Link,blinkf4@nih.gov,Non-binary,Peso
581,Jedediah,Stilgoe,jstilgoeg4@usa.gov,Male,Peso
583,Dorisa,Staggs,dstaggsg6@sun.com,Agender,Peso
598,Raquel,Mixer,rmixergl@reverbnation.com,Genderqueer,Peso
604,Godfree,Ruskin,gruskingr@go.com,Non-binary,Peso
611,Sim,Deakes,sdeakesgy@foxnews.com,Polygender,Peso
626,Rich,Mourant,rmouranthd@furl.net,Non-binary,Peso
640,Aidan,Quartly,aquartlyhr@networksolutions.com,Genderfluid,Peso
650,Perry,Coupman,pcoupmani1@bloomberg.com,Female,Peso
668,Rhetta,Malenoir,rmalenoirij@xing.com,Male,Peso
669,Drusy,Proswell,dproswellik@adobe.com,Bigender,Peso
691,Maggy,Pochon,mpochonj6@issuu.com,Agender,Peso
692,Pepita,Oswick,poswickj7@independent.co.uk,Male,Peso
711,Hailee,Smewings,hsmewingsjq@dailymotion.com,Non-binary,Peso
728,Dolph,Kluger,dklugerk7@tuttocitta.it,Bigender,Peso
745,Granville,Swatradge,gswatradgeko@hp.com,Agender,Peso
746,Rice,Grancher,rgrancherkp@livejournal.com,Agender,Peso
774,Marne,Chinnery,mchinnerylh@hugedomains.com,Polygender,Peso
786,Gibb,Dawid,gdawidlt@house.gov,Genderfluid,Peso
801,Dasha,Veall,dveallm8@ifeng.com,Agender,Peso
810,Terri-jo,Goshawk,tgoshawkmh@instagram.com,Genderqueer,Peso
812,Cher,Thirwell,cthirwellmj@nationalgeographic.com,Genderqueer,Peso
819,Rennie,Kienl,rkienlmq@prlog.org,Agender,Peso
831,Jourdain,Domleo,jdomleon2@latimes.com,Genderfluid,Peso
834,Gardie,Robardley,grobardleyn5@yellowbook.com,Bigender,Peso
835,Niko,Judd,njuddn6@mozilla.org,Male,Peso
836,Clair,McConnell,cmcconnelln7@apache.org,Non-binary,Peso
838,Rossy,Catenot,rcatenotn9@netscape.com,Bigender,Peso
844,Hamnet,Mellsop,hmellsopnf@tripadvisor.com,Non-binary,Peso
861,Adams,Wildin,awildinnw@state.gov,Bigender,Peso
863,Luisa,Francescozzi,lfrancescozziny@wix.com,Male,Peso
877,Britt,Fruish,bfruishoc@goo.ne.jp,Non-binary,Peso
878,Heath,Fache,hfacheod@spotify.com,Agender,Peso
882,Jayme,Cleator,jcleatoroh@usnews.com,Male,Peso
886,Joseph,Sutter,jsutterol@loc.gov,Non-binary,Peso
896,Maurita,Piwell,mpiwellov@google.nl,Polygender,Peso
901,Grove,Kleinberer,gkleinbererp0@dropbox.com,Female,Peso
902,Etti,Burnyeat,eburnyeatp1@twitter.com,Agender,Peso
912,Goran,Gantley,ggantleypb@icio.us,Agender,Peso
918,Carley,Fancutt,cfancuttph@digg.com,Agender,Peso
924,Chip,Becaris,cbecarispn@statcounter.com,Non-binary,Peso
932,Ulla,Acedo,uacedopv@blog.com,Agender,Peso
940,Dmitri,Jefferson,djeffersonq3@fotki.com,Genderqueer,Peso
949,Zarah,Weepers,zweepersqc@purevolume.com,Polygender,Peso
958,Taddeusz,Harrington,tharringtonql@godaddy.com,Bigender,Peso
973,Pooh,Blune,pbluner0@illinois.edu,Genderqueer,Peso
978,Jonas,Luparto,jlupartor5@dailymotion.com,Genderqueer,Peso
3,Vassily,O'Sullivan,vosullivan2@1und1.de,Bigender,Peso
6,Eolanda,Ledeker,eledeker5@youtube.com,Agender,Peso
7,Lorenza,Tesh,ltesh6@discuz.net,Bigender,Peso
31,Sarena,Imeson,simesonu@latimes.com,Polygender,Peso
60,Ilsa,Morffew,imorffew1n@cam.ac.uk,Agender,Peso
64,Anderea,Awcock,aawcock1r@edublogs.org,Male,Peso
69,Tybie,Passey,tpassey1w@nydailynews.com,Genderfluid,Peso
70,Annie,Campkin,acampkin1x@hao123.com,Non-binary,Peso
75,Consuela,Trevaskiss,ctrevaskiss22@topsy.com,Agender,Peso
76,Lewes,Meade,lmeade23@addthis.com,Bigender,Peso
88,Mano,Wellman,mwellman2f@eepurl.com,Female,Peso
101,Rodolph,Josskovitz,rjosskovitz2s@google.co.jp,Agender,Peso
104,Birk,Brehaut,bbrehaut2v@newyorker.com,Agender,Peso
106,Christin,Gaucher,cgaucher2x@alibaba.com,Genderqueer,Peso
127,Briano,O'Grady,bogrady3i@g.co,Genderqueer,Peso
145,Welbie,Jenks,wjenks40@apache.org,Non-binary,Peso
146,Michail,Weldon,mweldon41@narod.ru,Non-binary,Peso
149,Carly,Gotter,cgotter44@wikipedia.org,Bigender,Peso
160,Felipe,Hallsworth,fhallsworth4f@ocn.ne.jp,Bigender,Peso
165,Morlee,Genney,mgenney4k@shareasale.com,Genderfluid,Peso
176,Charmaine,D'Errico,cderrico4v@google.fr,Bigender,Peso
200,Maisie,MacKellar,mmackellar5j@sciencedaily.com,Non-binary,Peso
207,Latia,Riccione,lriccione5q@sohu.com,Non-binary,Peso
215,Jill,Fagence,jfagence5y@chronoengine.com,Male,Peso
220,Cleve,Dannett,cdannett63@printfriendly.com,Genderfluid,Peso
232,Lauren,Verry,lverry6f@surveymonkey.com,Bigender,Peso
235,Freda,Blune,fblune6i@technorati.com,Bigender,Peso
241,Sheba,Selbach,sselbach6o@macromedia.com,Genderqueer,Peso
247,Tommi,Thominga,tthominga6u@reverbnation.com,Agender,Peso
268,Enoch,Cushion,ecushion7f@va.gov,Non-binary,Peso
289,Hoyt,Pibworth,hpibworth80@kickstarter.com,Genderqueer,Peso
323,Colly,Bellin,cbellin8y@furl.net,Non-binary,Peso
354,Niki,Pheasant,npheasant9t@ca.gov,Genderqueer,Peso
360,Cecily,Noon,cnoon9z@biblegateway.com,Bigender,Peso
371,Schuyler,Hazlehurst,shazlehurstaa@live.com,Bigender,Peso
376,Ashlen,Muir,amuiraf@stanford.edu,Bigender,Peso
378,Brianne,Cakes,bcakesah@wikimedia.org,Bigender,Peso
413,Zack,Dael,zdaelbg@cornell.edu,Agender,Peso
414,Aldin,Hembry,ahembrybh@noaa.gov,Genderqueer,Peso
452,Rivi,Faich,rfaichcj@state.tx.us,Female,Peso
461,Gwenni,Semon,gsemoncs@bloglines.com,Genderfluid,Peso
464,Daffy,Etter,dettercv@umn.edu,Agender,Peso
473,Cherianne,Cadogan,ccadogand4@eepurl.com,Polygender,Peso
474,Whit,Geeson,wgeesond5@goodreads.com,Genderfluid,Peso
476,Leshia,Dubble,ldubbled7@sakura.ne.jp,Non-binary,Peso
477,Natalie,Shmyr,nshmyrd8@dmoz.org,Genderqueer,Peso
480,Lucilia,Elflain,lelflaindb@amazon.co.jp,Agender,Peso
481,Wiatt,Kayne,wkaynedc@apache.org,Female,Peso
511,Bevon,Causton,bcaustone6@xrea.com,Male,Peso
523,Jayne,Purkis,jpurkisei@wired.com,Polygender,Peso
525,Domenico,Trippitt,dtrippittek@mac.com,Non-binary,Peso
535,Kevan,Ifill,kifilleu@psu.edu,Genderqueer,Peso
545,Brittany,Link,blinkf4@nih.gov,Non-binary,Peso
581,Jedediah,Stilgoe,jstilgoeg4@usa.gov,Male,Peso
583,Dorisa,Staggs,dstaggsg6@sun.com,Agender,Peso
598,Raquel,Mixer,rmixergl@reverbnation.com,Genderqueer,Peso
604,Godfree,Ruskin,gruskingr@go.com,Non-binary,Peso
611,Sim,Deakes,sdeakesgy@foxnews.com,Polygender,Peso
626,Rich,Mourant,rmouranthd@furl.net,Non-binary,Peso
640,Aidan,Quartly,aquartlyhr@networksolutions.com,Genderfluid,Peso
650,Perry,Coupman,pcoupmani1@bloomberg.com,Female,Peso
668,Rhetta,Malenoir,rmalenoirij@xing.com,Male,Peso
669,Drusy,Proswell,dproswellik@adobe.com,Bigender,Peso
691,Maggy,Pochon,mpochonj6@issuu.com,Agender,Peso
692,Pepita,Oswick,poswickj7@independent.co.uk,Male,Peso
711,Hailee,Smewings,hsmewingsjq@dailymotion.com,Non-binary,Peso
728,Dolph,Kluger,dklugerk7@tuttocitta.it,Bigender,Peso
745,Granville,Swatradge,gswatradgeko@hp.com,Agender,Peso
746,Rice,Grancher,rgrancherkp@livejournal.com,Agender,Peso
774,Marne,Chinnery,mchinnerylh@hugedomains.com,Polygender,Peso
786,Gibb,Dawid,gdawidlt@house.gov,Genderfluid,Peso
801,Dasha,Veall,dveallm8@ifeng.com,Agender,Peso
810,Terri-jo,Goshawk,tgoshawkmh@instagram.com,Genderqueer,Peso
812,Cher,Thirwell,cthirwellmj@nationalgeographic.com,Genderqueer,Peso
819,Rennie,Kienl,rkienlmq@prlog.org,Agender,Peso
831,Jourdain,Domleo,jdomleon2@latimes.com,Genderfluid,Peso
834,Gardie,Robardley,grobardleyn5@yellowbook.com,Bigender,Peso
835,Niko,Judd,njuddn6@mozilla.org,Male,Peso
836,Clair,McConnell,cmcconnelln7@apache.org,Non-binary,Peso
838,Rossy,Catenot,rcatenotn9@netscape.com,Bigender,Peso
844,Hamnet,Mellsop,hmellsopnf@tripadvisor.com,Non-binary,Peso
861,Adams,Wildin,awildinnw@state.gov,Bigender,Peso
863,Luisa,Francescozzi,lfrancescozziny@wix.com,Male,Peso
877,Britt,Fruish,bfruishoc@goo.ne.jp,Non-binary,Peso
878,Heath,Fache,hfacheod@spotify.com,Agender,Peso
882,Jayme,Cleator,jcleatoroh@usnews.com,Male,Peso
886,Joseph,Sutter,jsutterol@loc.gov,Non-binary,Peso
896,Maurita,Piwell,mpiwellov@google.nl,Polygender,Peso
901,Grove,Kleinberer,gkleinbererp0@dropbox.com,Female,Peso
902,Etti,Burnyeat,eburnyeatp1@twitter.com,Agender,Peso
912,Goran,Gantley,ggantleypb@icio.us,Agender,Peso
918,Carley,Fancutt,cfancuttph@digg.com,Agender,Peso
924,Chip,Becaris,cbecarispn@statcounter.com,Non-binary,Peso
932,Ulla,Acedo,uacedopv@blog.com,Agender,Peso
940,Dmitri,Jefferson,djeffersonq3@fotki.com,Genderqueer,Peso
949,Zarah,Weepers,zweepersqc@purevolume.com,Polygender,Peso
958,Taddeusz,Harrington,tharringtonql@godaddy.com,Bigender,Peso
973,Pooh,Blune,pbluner0@illinois.edu,Genderqueer,Peso
978,Jonas,Luparto,jlupartor5@dailymotion.com,Genderqueer,Peso
