id,first_name,last_name,Department,gender
1,Jewel,Eckersall,Sales,Female
2,Audie,Kilmartin,Human Resources,Male
3,Gayla,Wealleans,Support,Agender
4,Barron,Gieraths,Services,Male
5,Romola,Cuff,Services,Female
6,Molly,Hewell,Support,Female
7,Rodney,Siviour,Sales,Genderqueer
8,Murial,Lestor,Marketing,Female
9,Kaja,Chittleburgh,Marketing,Female
10,Tommie,Jillitt,Research and Development,Genderqueer
11,Hillie,Drache,Product Management,Male
12,Dory,Old,Accounting,Polygender
13,Geri,Atto,Sales,Female
14,Farly,Davidson,Product Management,Male
15,Kati,Tiebe,Accounting,Male
16,Lucais,Banger,Human Resources,Male
17,Wilona,Dorken,Marketing,Male
18,Karole,Cuff,Business Development,Female
19,Batholomew,Ellsworthe,Legal,Female
20,Rafael,Bathow,Legal,Male
21,Lilia,Bernaert,Human Resources,Female
22,Antonia,Lenaghen,Training,Female
23,Darn,Thirlwell,Legal,Female
24,Darn,Simeon,Legal,Polygender
25,Leslie,Marginson,Human Resources,Male
26,Trudey,Croan,Accounting,Male
27,Andreana,Node,Business Development,Male
28,Augustina,Lamboll,Business Development,Male
29,Tybalt,Gemeau,Legal,Male
30,Mace,Tzarkov,Legal,Male
31,Judon,Tippler,Accounting,Male
32,Walther,Knott,Accounting,Male
33,Scot,Duffrie,Marketing,Female
34,Amitie,Wherton,Services,Male
35,Odessa,Perkins,Services,Female
36,Mela,Merigon,Business Development,Male
37,Edmund,Coles,Legal,Genderfluid
38,Maridel,Scipsey,Services,Female
39,Idell,McLaughlan,Business Development,Male
40,Sullivan,Casine,Sales,Female
41,Jacky,Shadwick,Sales,Female
42,Desiri,Pretty,Sales,Female
43,Tamqrah,Heffernon,Services,Female
44,Giralda,Karus,Marketing,Female
45,Anett,Eicheler,Product Management,Genderqueer
46,Alberto,Swannick,Services,Male
47,Cherianne,Calleja,Sales,Male
48,Aldis,Humphrys,Legal,Male
49,Alla,Venour,Accounting,Female
50,Montgomery,Bockman,Engineering,Male
51,Carmelle,Martindale,Training,Male
52,Thaddus,Thynne,Marketing,Polygender
53,Antonio,Witheridge,Marketing,Male
54,Latrina,Blasius,Business Development,Female
55,Fayina,Lambertson,Marketing,Male
56,Bertie,Greenhalgh,Human Resources,Male
57,Willi,Glastonbury,Business Development,Female
58,Roxine,Uglow,Business Development,Male
59,Xerxes,Dowyer,Sales,Male
60,Sigfried,Waycott,Training,Male
61,Bradney,Vose,Research and Development,Female
62,Leanna,Higgoe,Services,Female
63,Coreen,Clemes,Sales,Male
64,Debee,O'Hanlon,Training,Female
65,Vick,Climo,Engineering,Female
66,Cointon,Lammas,Business Development,Female
67,Sibel,Bilovus,Business Development,Agender
68,Matthiew,Gooders,Sales,Female
69,Albie,Bradmore,Accounting,Male
70,Amalia,Harteley,Business Development,Male
71,Nicoli,Stell,Human Resources,Male
72,Lucien,Stainbridge,Training,Female
73,Benedetto,Beazey,Product Management,Female
74,Pail,Winsborrow,Support,Female
75,Raimund,Worthington,Engineering,Female
76,Laird,Barnaclough,Accounting,Male
77,Merla,Dadds,Services,Female
78,Koo,Morican,Services,Male
79,Augy,Probey,Marketing,Polygender
80,Ches,Hedaux,Accounting,Bigender
81,Mattie,Whyley,Support,Male
82,Huberto,Stempe,Human Resources,Male
83,Wright,Liverock,Sales,Male
84,Carson,Tallyn,Human Resources,Female
85,Tommy,McEachern,Engineering,Female
86,Kyla,Larderot,Accounting,Genderqueer
87,Melisse,Carlin,Engineering,Bigender
88,Sherm,Trudgion,Training,Male
89,Hedvige,Braunlein,Research and Development,Female
90,Arlyne,Westrip,Business Development,Female
91,Jonas,Newstead,Training,Female
92,Kellen,Hubatsch,Human Resources,Female
93,Melinda,Kynforth,Services,Female
94,Dani,Linzee,Product Management,Male
95,Goldie,Baseley,Marketing,Male
96,Traver,Bleiman,Services,Non-binary
97,Wileen,Le Merchant,Support,Male
98,Sharai,Senechell,Engineering,Female
99,Rosamund,Jandourek,Sales,Male
100,Jacquelynn,Acres,Sales,Male
101,Dorian,Bellworthy,Legal,Male
102,Rozella,Molden,Services,Male
103,Cyril,Wigmore,Business Development,Male
104,Nita,Coopman,Research and Development,Male
105,Myrtie,Craighead,Marketing,Female
106,Blondelle,Speare,Research and Development,Male
107,Ora,Birth,Marketing,Male
108,Dell,Joyner,Marketing,Male
109,Luther,Brommage,Training,Genderfluid
110,Claretta,Gilham,Business Development,Female
111,Rivy,McClary,Engineering,Polygender
112,Karlee,Scrimshaw,Services,Male
113,Nichols,Andreutti,Sales,Female
114,Wendel,Traylen,Legal,Female
115,Eldredge,Aslet,Business Development,Female
116,Eustace,Giuron,Support,Male
117,Cherri,McCurry,Legal,Male
118,Justinian,Garcia,Sales,Female
119,Reagan,Cogar,Engineering,Male
120,Ann-marie,Miko,Human Resources,Female
121,Claudie,Fuentes,Services,Female
122,Halimeda,Hattigan,Services,Female
123,Vergil,Sevitt,Research and Development,Male
124,Lynn,Ratcliff,Legal,Female
125,Luke,Dunthorn,Business Development,Male
126,Aubrie,Ind,Business Development,Female
127,Clementina,Marquese,Services,Female
128,Vickie,Brash,Accounting,Male
129,Meggy,Roddan,Business Development,Male
130,Knox,Howlett,Sales,Female
131,Alina,Conachy,Research and Development,Male
132,Cleopatra,Ingry,Engineering,Female
133,Tyne,Serfati,Marketing,Male
134,Izaak,Stenning,Business Development,Male
135,Edgardo,O'Dogherty,Business Development,Female
136,Tim,Fredy,Research and Development,Male
137,Shaylynn,Groucock,Training,Female
138,Sela,Divall,Legal,Male
139,Daryle,Haggas,Engineering,Female
140,Kellina,Lecointe,Support,Male
141,Renell,Brothwell,Legal,Female
142,Karlik,Faulks,Engineering,Female
143,Fin,Loxton,Marketing,Female
144,Shannen,Bissell,Services,Male
145,Dev,Wynes,Human Resources,Male
146,Paco,Machon,Business Development,Male
147,Zared,Yeend,Sales,Male
148,Chickie,Flacknell,Business Development,Male
149,Cassius,Crossgrove,Engineering,Female
150,Rica,Olifard,Business Development,Female
151,Sandi,Mockford,Support,Male
152,Rorie,Mailey,Services,Male
153,Jordan,Velez,Marketing,Male
154,Andres,Aveyard,Marketing,Female
155,Twila,Buddles,Product Management,Male
156,Lyell,Burnett,Services,Female
157,Layne,Stonham,Accounting,Female
158,Vail,De Marchi,Accounting,Female
159,Dion,Burwin,Training,Male
160,Mia,Burnand,Product Management,Polygender
161,Willdon,Strowthers,Training,Female
162,Andreas,Trumble,Accounting,Female
163,Ingamar,Izzett,Product Management,Female
164,Ambrosius,Lefeaver,Accounting,Male
165,Chip,Swanborrow,Engineering,Male
166,Sondra,Depke,Training,Female
167,Evvy,Curner,Sales,Male
168,Hatty,Greenless,Accounting,Female
169,Paulita,Brettoner,Business Development,Male
170,Damon,Streather,Human Resources,Female
171,Philipa,Lindbergh,Business Development,Male
172,Lisle,Lown,Training,Male
173,Xavier,Pibsworth,Engineering,Male
174,Lucio,Allsupp,Services,Female
175,Shaw,Heugle,Support,Female
176,Shaylah,Marland,Business Development,Female
177,Alexandro,Hurler,Engineering,Female
178,Thornton,Leyrroyd,Support,Male
179,Jermaine,Langforth,Marketing,Female
180,Othilia,Loiterton,Business Development,Male
181,Jasper,Fuge,Services,Male
182,Merrick,Davio,Business Development,Genderfluid
183,Ricki,Shankland,Sales,Female
184,Price,McDowell,Services,Female
185,Alyce,Auld,Training,Male
186,Marji,D'Orsay,Sales,Male
187,Ruby,Large,Engineering,Male
188,Aili,Rainsdon,Support,Male
189,Quinn,Merriton,Engineering,Male
190,Jo ann,Vagges,Support,Male
191,Valle,Lawful,Research and Development,Female
192,Butch,Greenhowe,Engineering,Female
193,Julietta,Christon,Human Resources,Male
194,Christopher,Tytler,Support,Female
195,Loria,Hollows,Support,Male
196,Kerrill,Strass,Marketing,Female
197,Elli,Farnell,Business Development,Male
198,Rockie,Halfhead,Sales,Male
199,Ike,Tyne,Marketing,Male
200,Stearne,Chipp,Sales,Female
201,Godfry,Terzza,Sales,Male
202,Dell,McIlherran,Services,Female
203,Ram,Clausner,Training,Female
204,Vallie,Reyne,Marketing,Male
205,Gayla,Soonhouse,Services,Male
206,Arlyne,Gerardin,Training,Male
207,Francisca,Diffley,Marketing,Genderfluid
208,Tabbie,Martt,Engineering,Female
209,Adriane,Pellamont,Engineering,Male
210,Ava,Zupone,Sales,Female
211,Arlana,Chieco,Product Management,Female
212,Katrinka,Sysland,Legal,Female
213,Briney,Busk,Legal,Male
214,Cyrille,Tollerfield,Support,Female
215,Lannie,Gridley,Sales,Female
216,Hayward,Spencelayh,Accounting,Female
217,Imogene,Bereford,Research and Development,Female
218,Rolland,Paik,Product Management,Genderqueer
219,Katherina,Garfath,Accounting,Male
220,Aime,Barford,Engineering,Female
221,Deni,Goodee,Sales,Female
222,Rubin,Ninotti,Engineering,Female
223,Gilbert,Albrecht,Engineering,Male
224,Titos,Denslow,Sales,Male
225,Sadella,Peasegood,Research and Development,Male
226,Amalita,Gatecliff,Sales,Male
227,Ryan,Quadling,Product Management,Male
228,Eleni,Marieton,Support,Male
229,Norina,Peret,Product Management,Male
230,Talyah,Maplethorp,Accounting,Male
231,Kiel,Vecard,Accounting,Female
232,Cash,Lissandrini,Engineering,Female
233,Kenyon,Champley,Research and Development,Male
234,Ardeen,Ovendale,Accounting,Female
235,Cindi,Gosnell,Business Development,Male
236,Ermina,McIlharga,Legal,Female
237,Coralie,Vigietti,Research and Development,Male
238,Pepi,Harby,Marketing,Bigender
239,Murvyn,Ricco,Legal,Female
240,Lotty,Waadenburg,Human Resources,Female
241,Edgar,Bahl,Legal,Male
242,Keene,Oakenfull,Sales,Genderqueer
243,Noelyn,Cowderay,Services,Male
244,Em,Cardoso,Human Resources,Male
245,Cathe,Jaggard,Sales,Male
246,Rockey,Kenaway,Sales,Male
247,Felizio,Morville,Training,Genderqueer
248,Leslie,Hanster,Training,Female
249,Rochella,Geerdts,Sales,Non-binary
250,Agatha,Bowering,Training,Female
251,Aldous,Manuelli,Business Development,Female
252,Vivian,Mularkey,Training,Male
253,Goldy,Sitwell,Marketing,Female
254,Dayna,Brissenden,Accounting,Female
255,Alexander,Toward,Accounting,Female
256,Stevy,Smidmor,Accounting,Male
257,Brit,Sides,Research and Development,Male
258,Margette,Yurevich,Services,Female
259,Ira,Andell,Legal,Male
260,Gustave,Laws,Marketing,Female
261,Abigael,Kleisel,Marketing,Male
262,Sonny,Blinkhorn,Legal,Male
263,Claudina,Lyster,Accounting,Female
264,Robinetta,Micheu,Human Resources,Female
265,Tiertza,Tille,Marketing,Male
266,Roscoe,Curston,Engineering,Female
267,Yuri,Everex,Research and Development,Male
268,Merrielle,Judson,Support,Male
269,Zoe,Seckom,Training,Male
270,Coralie,Hanvey,Accounting,Male
271,Drusie,Witherby,Accounting,Male
272,Myrna,Jeayes,Training,Female
273,Jorey,Alcide,Legal,Female
274,Geralda,Durrans,Business Development,Male
275,Tallie,De Simone,Product Management,Agender
276,Jaclin,Laming,Product Management,Male
277,Constantino,Doman,Research and Development,Male
278,Obadias,MacMickan,Engineering,Male
279,Darby,Robelet,Product Management,Female
280,Wheeler,Mews,Human Resources,Male
281,Star,Westwood,Support,Male
282,Dorothy,Jakolevitch,Accounting,Male
283,Parsifal,Drillingcourt,Sales,Male
284,Aliza,Gaskin,Training,Male
285,Paquito,Talmadge,Legal,Male
286,Mayne,Prickett,Accounting,Male
287,Rozina,Ogley,Marketing,Genderfluid
288,Bertrando,Reinhart,Human Resources,Female
289,Natalina,Pieche,Accounting,Female
290,Chancey,Bunner,Product Management,Agender
291,Nickolai,Ferrige,Support,Female
292,Meghann,Doleman,Research and Development,Female
293,Roddy,Attle,Engineering,Male
294,Lorena,Camois,Product Management,Female
295,Gibby,Furlow,Engineering,Male
296,Violet,Shann,Accounting,Female
297,Marika,Alderson,Legal,Male
298,Tiena,Toy,Legal,Male
299,Virgina,Packe,Accounting,Female
300,Katti,Langstone,Business Development,Female
301,Nicola,Hatwells,Sales,Male
302,Ingaborg,Fentem,Services,Male
303,Moll,Sclanders,Accounting,Female
304,Mickie,Axtens,Legal,Male
305,Fredelia,Bedome,Training,Male
306,Arv,Monteath,Training,Male
307,Leilah,Sheircliffe,Product Management,Female
308,Cathi,Goldine,Legal,Male
309,Hubie,Feore,Sales,Female
310,Kelly,Iacovini,Services,Female
311,Margaret,Lemarie,Services,Female
312,Siusan,Portman,Support,Female
313,Dilan,Stockbridge,Product Management,Female
314,Miner,Bushill,Legal,Bigender
315,Carmine,Skerme,Legal,Male
316,Hank,Allin,Research and Development,Female
317,Silvie,Huison,Marketing,Bigender
318,Lee,Pero,Human Resources,Male
319,Ryley,Ekkel,Engineering,Male
320,Salaidh,Ranfield,Business Development,Non-binary
321,Marcela,O'Devey,Services,Female
322,Dodi,Hammerich,Training,Female
323,Lissie,Dallon,Sales,Female
324,Roxine,Lissandri,Sales,Male
325,Uri,Crutch,Services,Female
326,Verena,Garforth,Research and Development,Female
327,Datha,Manning,Support,Male
328,Toni,Frandsen,Legal,Male
329,Oliver,Van Bruggen,Legal,Male
330,Sanderson,Walkington,Research and Development,Male
331,Martyn,MacCathay,Support,Male
332,Rania,MacLese,Research and Development,Female
333,Graig,Jeary,Services,Male
334,Elie,Bransden,Business Development,Male
335,Amity,Thamelt,Legal,Female
336,Nelly,Vidineev,Training,Female
337,Hillary,Paulon,Research and Development,Female
338,Glyn,Adamik,Support,Bigender
339,Mei,Twyning,Engineering,Male
340,Rowe,Belford,Engineering,Male
341,Con,Widdop,Marketing,Male
342,Agneta,Mordin,Services,Male
343,Hinda,O'Loghlen,Legal,Male
344,Maxine,Sturgis,Engineering,Male
345,Elicia,De Mitris,Marketing,Male
346,Rriocard,Kirkpatrick,Training,Female
347,Diahann,Averies,Engineering,Female
348,Bethena,Stockney,Research and Development,Male
349,Abeu,Ivanov,Engineering,Female
350,Dania,Jossum,Research and Development,Male
351,Christan,Mea,Sales,Male
352,Myrta,Govern,Services,Female
353,Curran,Isakov,Product Management,Female
354,Susi,Wear,Training,Female
355,Moore,Vanne,Human Resources,Male
356,Phaedra,Gotliffe,Marketing,Female
357,Shamus,Doore,Sales,Male
358,Millard,Tiler,Research and Development,Polygender
359,Thedric,Castenda,Sales,Male
360,Osborne,Liddiard,Accounting,Genderfluid
361,Loria,Reeds,Support,Male
362,Lela,Linklet,Services,Male
363,Shanon,Ciobotaro,Legal,Male
364,Silvio,Fussie,Support,Female
365,Riane,Spellicy,Accounting,Agender
366,Borden,Baversor,Business Development,Female
367,Sumner,Boundley,Legal,Female
368,Abramo,Melato,Support,Male
369,Cale,Omand,Training,Bigender
370,Eldridge,Dilley,Accounting,Female
371,Livvyy,Swiffin,Support,Male
372,Nels,Picker,Support,Female
373,Wit,Mieville,Engineering,Non-binary
374,Eada,Mant,Research and Development,Female
375,Fawne,Bosman,Training,Female
376,Ofella,Hutchinson,Accounting,Male
377,Peadar,Hullah,Support,Male
378,Micaela,Billam,Marketing,Female
379,Lauryn,Gillingham,Accounting,Polygender
380,Jodi,Bielfeldt,Services,Male
381,Nata,Chenery,Research and Development,Male
382,Quill,Ottee,Legal,Male
383,Sandi,Ivatts,Business Development,Agender
384,Salim,Jedrzej,Support,Male
385,Reilly,Willison,Support,Female
386,Page,Constantine,Product Management,Male
387,Farr,Edgerly,Human Resources,Male
388,Sonny,Pimer,Support,Male
389,Cesare,Drawmer,Legal,Male
390,Teddy,Mayfield,Engineering,Male
391,Clyde,Freda,Business Development,Male
392,Erna,Bordis,Product Management,Male
393,Imogen,Loader,Accounting,Female
394,Aeriela,Boundey,Product Management,Male
395,Jelene,Sargison,Human Resources,Female
396,Lawry,Colling,Training,Male
397,Adiana,Bollon,Marketing,Male
398,Georgetta,Boyne,Legal,Female
399,Rivalee,Blois,Research and Development,Male
400,Lane,Aizlewood,Legal,Male
401,Joelynn,Code,Research and Development,Male
402,Leda,Redhouse,Accounting,Male
403,Merry,Piatti,Support,Female
404,Jesse,Shenfish,Sales,Male
405,Obadias,Blissett,Accounting,Male
406,Tabby,Warcop,Human Resources,Female
407,Breena,Beamson,Engineering,Non-binary
408,Dru,Dingsdale,Research and Development,Female
409,Huey,Kleinert,Product Management,Male
410,Murdoch,Slarke,Training,Male
411,Gail,Gouldstone,Legal,Female
412,Gayle,Skirling,Business Development,Female
413,Mollee,Brounsell,Research and Development,Male
414,Curtice,Causley,Legal,Male
415,Alano,Covington,Support,Female
416,Ginger,Domegan,Human Resources,Female
417,Marcile,Brunskill,Research and Development,Male
418,Rafaelita,Ranstead,Marketing,Male
419,Paul,Longmead,Product Management,Female
420,Lindon,Crossgrove,Product Management,Female
421,Doralin,Leckie,Product Management,Genderfluid
422,Cindelyn,Cabena,Human Resources,Female
423,Emerson,Schuck,Research and Development,Male
424,Phedra,Keave,Human Resources,Female
425,Florentia,Gierok,Human Resources,Male
426,Hartwell,Kearton,Human Resources,Female
427,Adair,Jancy,Business Development,Male
428,Minetta,Nelson,Engineering,Female
429,Ellissa,Reddlesden,Engineering,Female
430,Aurore,Baribal,Support,Female
431,Ransom,Harcombe,Product Management,Female
432,Velma,Brunning,Training,Female
433,Grove,Edy,Marketing,Female
434,Hattie,Adkin,Marketing,Female
435,Jessamine,Goff,Marketing,Female
436,Ira,Treffry,Product Management,Agender
437,Job,Folomin,Human Resources,Female
438,Lock,Bitchener,Services,Male
439,Rodolph,Khosa,Training,Female
440,Rodge,Arnow,Legal,Female
441,Stevana,Deveraux,Human Resources,Female
442,Wolfy,McCloughlin,Training,Bigender
443,Brittney,Tarrant,Support,Bigender
444,Elly,Townsend,Engineering,Male
445,Vicki,Rose,Product Management,Female
446,Dredi,Maude,Research and Development,Non-binary
447,Alejoa,Rain,Business Development,Male
448,Alethea,Livings,Business Development,Female
449,Lindy,Syrad,Accounting,Male
450,Felix,Swindells,Legal,Female
451,Oswell,Edgcombe,Research and Development,Female
452,Cassandra,Hearthfield,Engineering,Male
453,Giustino,Renault,Sales,Genderqueer
454,Corenda,Belliard,Accounting,Female
455,Dennet,Pasmore,Legal,Male
456,Saxe,Kenny,Product Management,Female
457,Moyra,DelaField,Legal,Male
458,Jobina,Lindenboim,Human Resources,Male
459,Fidel,MacKeig,Support,Female
460,Karney,Muzzollo,Engineering,Female
461,Maryanna,Lettuce,Human Resources,Female
462,Nessy,Light,Legal,Male
463,Marline,Aplin,Business Development,Female
464,Erroll,Kilalea,Research and Development,Male
465,Deb,Henstone,Research and Development,Male
466,Fidelity,Mealand,Support,Bigender
467,Aurea,Richardes,Business Development,Non-binary
468,Irwin,Dominey,Marketing,Male
469,Der,Robichon,Marketing,Agender
470,Chaddie,Sturges,Training,Female
471,Philbert,Wetherald,Services,Female
472,Marquita,Slimming,Services,Male
473,Channa,Henrique,Human Resources,Female
474,Tatum,Ivanikhin,Training,Female
475,Philomena,O' Hern,Sales,Male
476,Cedric,Torrisi,Marketing,Female
477,Salim,Scantleberry,Product Management,Female
478,Roxine,Isacoff,Engineering,Female
479,Brenden,Maloney,Legal,Male
480,Hallie,Bulch,Product Management,Male
481,Doralynne,Syversen,Training,Female
482,Hunt,Portam,Marketing,Female
483,Giffy,Hardes,Human Resources,Male
484,Any,Magog,Business Development,Male
485,Elyse,Bonhome,Human Resources,Male
486,Lammond,Bruckenthal,Marketing,Male
487,Lucita,Effemy,Training,Female
488,Samuele,Roskam,Accounting,Male
489,Normy,Pycock,Marketing,Agender
490,Aime,Sego,Training,Female
491,Allayne,Dorr,Accounting,Female
492,Martainn,Dightham,Product Management,Polygender
493,Cathleen,Tremoille,Human Resources,Male
494,Barde,Donke,Legal,Male
495,Micky,Dallicoat,Engineering,Female
496,Simona,Izon,Legal,Polygender
497,Wendeline,Chominski,Accounting,Female
498,Dalston,Bartaloni,Marketing,Male
499,Gearalt,Wraight,Engineering,Male
500,Cullan,McCaskill,Engineering,Female